{
    "f1_score": 0.0,
    "precision": 0.0,
    "recall": 0.0,
    "accuracy": 0.9115646258503401,
    "roc_auc": 0.5255474452554745,
    "pr_auc": 0.07419526645926237,
    "best_model": "XGBoost",
    "hiperparam_xgb_n_estimators": 133,
    "hiperparam_xgb_max_depth": 5,
    "hiperparam_xgb_learning_rate": 0.07192021689009127
}